1. AIDMAN, AIDMEN, AIRMAN, AIRMEN, ALBUGO, AMAUTI, AMBUSH, AMTMAN, ANBURY, ANGICO, ANTHEM, ANTICK, APEMAN, APEMEN, APEPSY, AUBURN, AUDIAL, AUGURY, AURIFY, AUSUBO, AUTISM, BHAJAN, BHAKTI, BICORN, BIELDY, BIFORM, BIRKEN, BITMAP, BLANCH, BLANCO, BLENCH, BOGOAK, BOTHAN, BOWMAN, BOWMEN, BURHEL, BURIAL, BURITI, BURLAP, BURLEY, BUSHEL, BUSMAN, BUSMEN, BYWORK, CHALAH, CHALAN, CHALEH, CHANCY, CHANTY, CHAPEL, CHRISM, CITIFY, CITYFY, CIVISM, CLAYEY, CLENCH, CLEUCH, CLEUGH, COCKSY, CODIFY, COGITO, CORMEL, CORNEL, CORODY, COROZO, COSIGN, COWISH, COWMAN, COWMEN, CUBISM, CUBITI, CURIAL, CURNEY, CURPEL, CUSPAL, CYTISI, DICKEY, DICKTY, DIRHAM, DIRHEM, DIRNDL, DISMAL, DISMAN, DISMAY, DISOWN, DISPEL, DOCKEN, DODMAN, DOGNAP, DOTISH, DOVISH, DUDISH, DUDISM, DURIAN, DUSKEN, DYSURY, EIGHTH, EIGHTY, ELENCH, ELFISH, ELVISH, EMBLEM, EMBODY, EMBOSK, EMBUSY, ENAMEL, ENDURO, ENFORM, ENRICH, ENSIGN, ENTITY, ENVIRO, ENZIAN, EOTHEN, EUGHEN, FIRMAN, FIXITY, FLAKEY, FLAMEN, FLANCH, FLENCH, FLEURY, FOEMAN, FOEMEN, FOGMAN, FOGMEN, FORMAL, GIGMAN, GIGMEN, GIRNEL, GLAIRY, GLAURY, GODOWN, GORHEN, GOSPEL, GOWLAN, GOWPEN, GUANAY, GUANGO, GURNEY, QUAICH, QUAIGH, QUANGO, QUELCH, QUENCH, QURUSH, RIALTO, RIANCY, RICHEN, RICKEY, RIDLEY, RIGHTO, RIGHTY, RITUAL, ROCOCO, RODMAN, RODMEN, RUBIFY, RUBIGO, RUDISH, RUSHEN, SHAIRN, SHAKEN, SHALEY, SHAMAN, SHANDY, SHANTI, SHANTY, SHAPEN, SHAUGH, SHEKEL, SHELFY, SHELTY, SHELVY, SHEUCH, SHEUGH, SHRIEK, SHTICK, SHTUCK, SICKEN, SIGNAL, SITHEN, SIZISM, SKAITH, SKEIGH, SLANGY, SLANTY, SLEIGH, SLEUTH, SMALTI, SMALTO, SMRITI, SNAKEY, SOAKEN, SOCIAL, SOCMAN, SOCMEN, SPRUCY, SPRUSH, SUBITO, SUBMAN, SUBMEN, SUBORN, SUCKEN, SYZYGY, THAIRM, THANAH, THEISM, THENAL, THEORY, THROWN, THRUSH, TIBIAL, TICKEN, TICKEY, TIFOSI, TIFOSO, TISICK, TITIAN, TITMAN, TITMEN, TOROTH, TURKEY, TUTMAN, TUTMEN, VIDUAL, VIGORO, VISUAL, VIVIFY, VOGUEY, VORPAL, WHEUGH, WHEYEY, WICKEN, WIDISH, WIELDY, WITHAL, WITNEY, WURLEY, ZIZITH
2. HIJIKI, HIPHOP, HOKILY, HOLILY, HOLLOO, HOMILY, HOMINY, HOOKUP, HOOPOO, HUIPIL, HULLOO, HUMHUM, HUMMUM, HYPNUM, ILLUPI, INHOOP, INULIN, IONIUM, JIMINY, JIMPLY, JOHNNY, JOKILY, JOYPOP, KHILIM, KIKUYU, KIMONO, KNOLLY, LIMPLY, LIMULI, LINKUP, LIONLY, LOLIUM, LOLLOP, LOOKUP, MILIUM, MINIMI, MINION, MINIUM, MOUJIK, MOULIN, MUKLUK, MULMUL, MUUMUU, NYMPHO, OILILY, OMNIUM, ONIONY, PHONON, PHYLLO, PHYLON, PHYLUM, PIMPLY, PINION, PINKLY, PINYIN, PINYON, PIPKIN, PIPPIN, PIUPIU, PLONKY, PLUMMY, PLUMPY, PLUNKY, POKILY, POLONY, POLYOL, POLYPI, POMPOM, POMPON, POPJOY, POPLIN, POPPLY, PULLUP, PUNILY, PUNKIN, ULIKON, UNHOLY, UNHOOK, UNHOOP, UNKINK, UNLINK, UPHILL, UPLINK, UPLOOK, YOUPON
3. ABACAS, ABASED, ABASER, ABASES, ABATED, ABATER, ABATES, ABBESS, ABCEES, ABDABS, ABEARS, ABRADE, ABREGE, ABWATT, ACATER, ACATES, ACCEDE, ACCESS, ACCRAS, ACCREW, ADAGES, ADAWED, ADDERS, ADREAD, ADVECT, ADVERB, ADVERT, ADVEWS, ADWARD, AERATE, AESCES, AFARAS, AFEARD, AFEARS, AFFEAR, AFFECT, AFFEER, AFFRET, AFREET, AFTERS, AGATES, AGAVES, AGAZED, AGGERS, AGRAFE, AGREED, AGREES, AGREGE, ARABAS, ARCADE, ARDEBS, AREADS, ARECAS, AREDES, ARETES, ARETTS, ARREAR, ARRECT, ARREST, ARRETS, ASSART, ASSERT, ASSESS, ASSETS, ASTARE, ASTART, ASTERS, ASTERT, ATABEG, ATTARS, ATTEST, AVATAR, AVERSE, AVERTS, AWARDS, AWARER, AXSEED, BAASES, BACCAE, BACCAS, BADASS, BADDER, BADGED, BADGER, BADGES, BAFFED, BAGASS, BAGGED, BAGGER, BARAZA, BARBED, BARBER, BARBES, BARBET, BARCAS, BARDED, BARDES, BAREGE, BAREST, BARFED, BARGED, BARGEE, BARGES, BARRAS, BARRAT, BARRED, BARRES, BARRET, BARTER, BASEST, BASSED, BASSER, BASSES, BASSET, BASTED, BASTER, BASTES, BATATA, BATTAS, BATTED, BATTER, BAWBEE, BAXTER, BAZAAR, BAZARS, BAZAZZ, BEADED, BEARDS, BEARED, BEARER, BEARES, BEASTS, BEATER, BEAVER, BEDAZE, BEDDED, BEDDER, BEDEWS, BEEBEE, BEEFED, BEETED, BEEVES, BEEZER, BEFRET, BEGARS, BEGAZE, BEGETS, BEGGAR, BEGGED, BERATE, BEREFT, BERETS, BERRET, BESEES, BESETS, BESTAD, BESTAR, BESTED, BETTAS, BETTED, BETTER, BEVERS, BEWARE, BEWETS, BEZAZZ, BRACED, BRACER, BRACES, BRACTS, BRASES, BRASTS, BRAVAS, BRAVED, BRAVER, BRAVES, BRAWER, BRAZAS, BRAZED, BRAZER, BRAZES, BREADS, BREARE, BREAST, BREDED, BREDES, BREEDS, BREERS, BREESE, BREEZE, BRERES, BREVES, BREVET, BREWED, BREWER, CABBED, CABERS, CADEES, CADETS, CADGED, CADGER, CADGES, CADRES, CAESAR, CAFARD, CAGERS, CARACT, CARAFE, CARATE, CARATS, CARDED, CARDER, CAREER, CARERS, CARESS, CARETS, CARFAX, CARRAT, CARSES, CARTAS, CARTED, CARTER, CARTES, CARVED, CARVER, CARVES, CASABA, CASAVA, CASTED, CASTER, CASTES, CATERS, CATTED, CAVASS, CAVEAT, CAVERS, CEASED, CEASES, CEAZED, CEAZES, CEDARS, CEDERS, CERATE, CERGES, CERTES, CESSED, CESSER, CESSES, CESTAS, CRAFTS, CRARES, CRASES, CRATED, CRATER, CRATES, CRAVAT, CRAVED, CRAVER, CRAVES, CRAZED, CRAZES, CREASE, CREATE, CREEDS, CREESE, CRESTS, CREWED, CREWES, DABBED, DABBER, DADDED, DAFFED, DAFTAR, DAFTER, DAGABA, DAGGAS, DAGGED, DAGGER, DARAFS, DARBAR, DARERS, DARGAS, DARRED, DARRES, DARTED, DARTER, DARTRE, DATERS, DAWDED, DAWTED, DAZERS, DEADED, DEADER, DEAFER, DEARED, DEARER, DEARES, DEAVED, DEAVES, DEBAGS, DEBARS, DEBASE, DEBATE, DEBTED, DEBTEE, DECADE, DECADS, DECAFF, DECAFS, DECARB, DECARE, DECREE, DECREW, DECTET, DEEDED, DEEDER, DEEVED, DEEVES, DEFACE, DEFAST, DEFATS, DEFEAT, DEFECT, DEFERS, DEFFER, DEFRAG, DEFTER, DEGAGE, DEGRAS, DEGREE, DERATE, DERATS, DESERT, DESSES, DETECT, DETERS, DETEST, DEVEST, DEWARS, DEXTER, DRAFFS, DRAFTS, DRAGEE, DRAWEE, DRAWER, DREADS, DREARE, DREARS, DREDGE, DRERES, DWARFS, DWEEBS, EAGERS, EAGRES, EARDED, EARWAX, EASTED, EASTER, EATAGE, EATERS, EBBETS, ECARTE, ECESES, EDGERS, EFFACE, EFFECT, EFFERE, EFFETE, EFTEST, EGESTA, EGESTS, EGGARS, EGGERS, EGRESS, EGRETS, ERASED, ERASER, ERASES, ERECTS, ERGATE, ERRATA, ERSATZ, ESBATS, ESCARS, ESTATE, ESTERS, ETAGES, ETWEES, EVADED, EVADER, EVADES, EVERTS, EWFTES, EXACTA, EXACTS, EXCEED, EXCESS, EXEATS, EXEDRA, EXERTS, EXSECT, EXSERT, EXTRAS, FABBER, FACADE, FACERS, FACETE, FACETS, FADERS, FADGED, FADGES, FAECES, FAFFED, FAGGED, FARADS, FARCED, FARCER, FARCES, FARDED, FARERS, FARFET, FARRED, FARSED, FARSES, FARTED, FASCES, FASTED, FASTER, FATTED, FATTER, FATWAS, FAVEST, FEARED, FEARER, FEARES, FEASED, FEASES, FEASTS, FEATED, FEATER, FEAZED, FEAZES, FEEDER, FEERED, FEESED, FEESES, FEEZED, FEEZES, FEREST, FERRET, FESSED, FESSES, FESTAS, FESTER, FETTAS, FETTED, FETTER, FETWAS, FEVERS, FEWEST, FEWTER, FEZZED, FEZZES, FRACAS, FRACTS, FRATER, FREERS, FREEST, FREETS, FREEZE, FRERES, GABBED, GABBER, GADDED, GADDER, GADGES, GADGET, GAFFED, GAFFER, GAFFES, GAGERS, GAGGED, GAGGER, GARAGE, GARBED, GARBES, GARGET, GARRED, GARRES, GARRET, GARTER, GASBAG, GASSED, GASSER, GASSES, GASTED, GASTER, GATERS, GAVAGE, GAZARS, GAZERS, GEARED, GEARES, GEEGAW, GEESTS, GEEZER, GERBES, GESSED, GESSES, GESTES, GETTER, GEWGAW, GRACED, GRACES, GRADED, GRADER, GRADES, GRAFFS, GRAFTS, GRASTE, GRATED, GRATER, GRATES, GRAVED, GRAVER, GRAVES, GRAZED, GRAZER, GRAZES, GREASE, GREATS, GREAVE, GREBES, GRECES, GREECE, GREEDS, GREESE, GREETE, GREETS, GRESES, GREVES, GREWED, GREXES, RABATS, RABBET, RACERS, RADARS, RADDED, RADDER, RADGER, RAFTED, RAFTER, RAGBAG, RAGEES, RAGERS, RAGGED, RAGGEE, RAGTAG, RAREST, RASERS, RASSES, RASTER, RATBAG, RATERS, RATTED, RATTER, RAVAGE, RAVERS, RAWEST, RAZEED, RAZEES, RAZERS, RAZZED, RAZZES, REACTS, READDS, READER, REARED, REARER, REASTS, REATAS, REATES, REAVED, REAVER, REAVES, REBARS, REBATE, REBBES, REBECS, REBRED, RECAST, RECCED, RECCES, RECEDE, RECESS, REDACT, REDATE, REDDED, REDDER, REDEAR, REDRAW, REDREW, REEDED, REEDER, REEDES, REEFED, REEFER, REESTS, REEVED, REEVES, REFACE, REFECT, REFEED, REFERS, REFFED, REGARD, REGARS, REGAVE, REGEAR, REGEST, REGGAE, REGRET, REGREW, REREAD, RESAWS, RESEAT, RESECT, RESEDA, RESEED, RESEES, RESETS, RESEWS, RESTED, RESTER, RETAGS, RETARD, RETEAR, RETEST, RETREE, RETTED, REVERB, REVERE, REVERS, REVERT, REVEST, REVETS, REVVED, REWARD, REWEDS, REWETS, REZZES, SABBAT, SABBED, SABERS, SABRAS, SABRED, SABRES, SACRED, SADDER, SADZAS, SAETER, SAFEST, SAGEST, SAGGAR, SAGGED, SAGGER, SARDAR, SAREES, SARGES, SARSAR, SARSAS, SASSED, SASSES, SASTRA, SATARA, SAVAGE, SAVATE, SAVERS, SAWDER, SAWERS, SAZZES, SCAFFS, SCARAB, SCARCE, SCARED, SCARER, SCARES, SCARFS, SCARRE, SCARTS, SCATTS, SCEATT, SCRABS, SCRAES, SCRAGS, SCRATS, SCRAWS, SCREED, SCREES, SCREWS, SEABAG, SEABED, SEARAT, SEARCE, SEARED, SEARER, SEASED, SEASES, SEATED, SEATER, SEAZED, SEAZES, SEBATE, SECEDE, SECRET, SEDATE, SEDERS, SEDGED, SEDGES, SEEDED, SEEDER, SEESAW, SEGARS, SEGGAR, SERACS, SERDAB, SEREST, SERGED, SERGER, SERGES, SERRAE, SERRAS, SERRED, SERRES, SERVED, SERVER, SERVES, SESSES, SESTET, SETTEE, SETTER, SEVERE, SEVERS, SEWAGE, SEWARS, SEWERS, SEXERS, SEXTET, STACTE, STADDA, STADES, STAFFS, STAGED, STAGER, STAGES, STARED, STARER, STARES, STARRS, STARTS, STARVE, STASES, STATED, STATER, STATES, STAVED, STAVES, STAWED, STEADS, STEARD, STEARE, STEARS, STEDDE, STEDDS, STEDED, STEDES, STEEDS, STEERS, STEEVE, STERES, STERVE, STEWED, STEWER, STRADS, STRAES, STRAFE, STRAFF, STRASS, STRATA, STRAWS, STREET, STRESS, STREWS, SWAGED, SWAGER, SWAGES, SWARDS, SWARFS, SWARVE, SWEARD, SWEARS, SWEATS, SWEDES, SWEERT, SWEETS, SWERFS, SWERVE, TABARD, TABBED, TABERD, TABERS, TABRET, TAGGED, TAGGEE, TAGGER, TAGRAG, TARGED, TARGES, TARGET, TARRAS, TARRED, TARRES, TARTAR, TARTED, TARTER, TASARS, TASERS, TASSES, TASSET, TASTED, TASTER, TASTES, TATARS, TATERS, TATTED, TATTER, TAVERS, TAVERT, TAWERS, TAWSED, TAWSES, TAWTED, TAXERS, TAZZAS, TEABAG, TEADES, TEARED, TEARER, TEASED, TEASER, TEASES, TEATED, TEAZED, TEAZES, TEBBAD, TEDDED, TEDDER, TEERED, TEETER, TERATA, TERCES, TERCET, TEREFA, TERETE, TERFES, TERRAE, TERRAS, TERRET, TERSER, TESTAE, TESTED, TESTEE, TESTER, TESTES, TETRAD, TETRAS, TETTER, TEWART, TRACED, TRACER, TRACES, TRACTS, TRADED, TRADER, TRADES, TRATTS, TRAVES, TREADS, TREATS, TRESTS, TREVET, TREZES, TSADES, TSETSE, TWEEDS, TWEERS, TWEEST, TWEETS, TWEEZE, TZETSE, TZETZE, VACATE, VARECS, VARVED, VARVES, VASTER, VATTED, VATTER, VAWARD, VAWTED, VAWTES, VEERED, VEGETE, VEGGED, VEGGES, VERDET, VERGED, VERGER, VERGES, VERSED, VERSER, VERSES, VERSET, VERSTE, VERSTS, VERTED, VERTEX, VERVES, VERVET, VESTAS, VESTED, VESTEE, VETTED, VEXERS, WADDED, WADDER, WADERS, WADGES, WADSET, WAFERS, WAFFED, WAFTED, WAFTER, WAGERS, WAGGED, WAGGER, WARDED, WARDER, WARRED, WARSAW, WARTED, WASTED, WASTER, WASTES, WATERS, WATTER, WAVERS, WAXERS, WEARED, WEARER, WEAVED, WEAVER, WEAVES, WEBBED, WEBERS, WEBFED, WEDDED, WEDDER, WEDGED, WEDGES, WEEDED, WEEDER, WEETED, WEETER, WEEVER, WEEWEE, WEFTED, WEFTES, WESTED, WESTER, WETTED, WETTER, WRASSE, WRASTS, WRESTS, XEBECS, ZABETA, ZABRAS, ZAFFAR, ZAFFER, ZAFFRE, ZAGGED, ZAREBA, ZEBECS, ZEBRAS, ZERDAS, ZEREBA, ZESTED, ZESTER
4. ACAJOU, ACCLOY, ACCOIL, ACTION, ADDOOM, ADENYL, ADZUKI, AECIUM, AERILY, ARCHIL, ARCHLY, ARCHON, ARGULI, ARGYLL, ARROYO, ARSHIN, ARSINO, ARTILY, ASSOIL, ASTONY, ASTOOP, ASWOON, ATRIUM, BAALIM, BABOOL, BABOON, BACKUP, BAGNIO, BAGUIO, BARHOP, BARIUM, BARONY, BARYON, BASION, BATOON, BECKON, BEDUIN, BEFLUM, BEFOOL, BEFOUL, BEGUIN, BEGUNK, BERLIN, BESOIN, BETOIL, BETONY, BETOOK, BRAINY, BRANKY, BRANNY, BREHON, CACHOU, CACOON, CAGILY, CAGOUL, CARHOP, CARLIN, CAROLI, CASHOO, CASINI, CASINO, CATION, CATKIN, CATLIN, CATNIP, CERIPH, CERIUM, CEROON, CESIUM, CRAMPY, CRANKY, CRANNY, CRAPPY, CRAYON, CREPON, DAEMON, DARKLY, DEBUNK, DEEPLY, DEFOUL, DERNLY, DEWILY, DEWOOL, DRAPPY, EASILY, EATHLY, ECTOPY, EDGILY, EERILY, EGALLY, ERBIUM, ESSOIN, ETALON, ETAMIN, EVENLY, EXTOLL, FATHOM, FECKLY, FRENUM, GABION, GABOON, GASHLY, GASKIN, GAZOON, GAZUMP, GERMIN, GRAINY, GRAMMY, GRANNY, GRANUM, GRAYLY, GREMMY, GREYLY, RACILY, RACOON, RADIUM, RAGINI, RAGULY, RASHLY, RATION, RATLIN, RATOON, REALLY, REBILL, REBOIL, REBOOK, RECKON, RECOIL, RECOIN, RECOOK, RECOPY, RECOUP, REFILL, REFILM, REGION, REGNUM, REGULI, REGULO, REQUIN, REROLL, RESHIP, RESINY, RESOIL, RETOOK, RETOOL, SAGOIN, SAGUIN, SATINY, SAXONY, SCAMPI, SCRIMP, SCROLL, SCROOP, SCRUMP, SEEMLY, SEGHOL, SEQUIN, SERIPH, SERMON, SEROON, SEXILY, STALKO, STALKY, STEMMY, STRIPY, STROLL, STROOK, STROUP, SWAMPY, SWANKY, SWANNY, TABULI, TARPON, TEAPOY, TECHNO, TEDIUM, TEFLON, TERMLY, TRAMPY, TRANNY, TRAPPY, TWANKY, VACUUM, VAROOM, VERILY, VERMIL, VERMIN, WABOOM, WADMOL, WARILY, WARMLY, WARMUP, WASHUP, WAVILY, WAXILY, WEAKLY, WEAKON, WEAPON, WEEKLY, WEELOO, ZECHIN, ZEDONK