1. ABACA, ABACI, ABAKA, ABASE, ABATE, ABELE, ABIDE, ABODE, ABOMA, ABORE, ABOVE, ABUNA, ABUNE, ABUSE, ACARI, ACETA, ACIDY, ACINI, ACUTE, ADAGE, ADOBE, ADOBO, ADORE, ADOZE, ADYTA, AFARA, AFIRE, AFORE, AGAMA, AGAMI, AGAMY, AGAPE, AGATE, AGAVE, AGAZE, AGENE, AGILA, AGILE, AGITA, AGOGE, AGONE, AGONY, AGORA, AGUTI, AJIVA, AJUGA, AKELA, AKENE, ALAMO, ALANE, ALAPA, ALARY, ALATE, ALIBI, ALIKE, ALINE, ALIVE, ALOHA, ALONE, ALOWE, ALULA, ALURE, AMATE, AMAZE, AMEBA, AMENE, AMICE, AMICI, AMIDE, AMIDO, AMIGA, AMIGO, AMINE, AMINO, AMITY, AMOLE, AMOVE, AMUSE, ANANA, ANELE, ANILE, ANIMA, ANIME, ANIMI, ANISE, ANODE, ANOLE, ANOMY, APACE, APAGE, APERY, APODE, ARABA, ARAME, ARECA, AREDE, AREFY, ARENA, ARERE, ARETE, ARISE, AROBA, AROMA, AROSE, ASANA, ASIDE, ASURA, ASYLA, ATAXY, ATIMY, ATOKE, ATOMY, ATONE, ATONY, ATOPY, AVALE, AVINE, AVISE, AVISO, AVIZE, AVYZE, AWAKE, AWARE, AWAVE, AWETO, AWOKE, AXILE, AXITE, AXONE, AZIDE, AZIDO, AZINE, AZOLE, AZOTE, AZURE, AZURY, AZYGY, AZYME, EBONY, EDEMA, EDIFY, EDILE, EDUCE, EJIDO, ELATE, ELEGY, ELEMI, ELIDE, ELITE, ELOGE, ELOGY, ELOPE, ELUDE, ELUTE, EMERY, EMOTE, EMOVE, EMULE, EMURE, EMYDE, ENATE, ENEMA, ENEMY, ENOKI, ENURE, EPODE, EPOXY, ERASE, ERICA, ERODE, EROSE, ERUGO, ESILE, ETAGE, ETAPE, ETUDE, ETYMA, EVADE, EVERY, EVITE, EVOHE, EVOKE, EXEME, EXILE, EXINE, EXODE, EXUDE, ICILY, IDOLA, IGAPO, IMAGE, IMAGO, IMARI, IMIDE, IMIDO, IMINE, IMINO, INANE, INULA, INURE, IRADE, IRATE, IROKO, IRONE, IRONY, IVORY, IXORA, OBELI, OBESE, OBOLE, OBOLI, OCULI, ODYLE, OGIVE, OHONE, OJIME, OKAPI, OLIVE, OLOGY, OMASA, OMEGA, ONELY, ONERY, OPEPE, OPERA, OPINE, ORACY, ORATE, ORIBI, OTARY, OVARY, OVATE, OVINE, OVOLI, OVOLO, OVULE, OXIDE, OXIME, OZEKI, OZONE, UHURU, UKASE, ULAMA, ULEMA, UNARY, UNIFY, UNITE, UNITY, URALI, URARE, URARI, URASE, URATE, UREDO, URENA, URINE, URITE, URUBU, USAGE, USURE, USURY, UTERI, UTILE, UVULA, YBORE, YFERE, YLIKE, YSAME
2. BABAS, BABEL, BABES, BABUL, BABUS, BACON, BAGEL, BAHUT, BAJAN, BAJUS, BAKED, BAKEN, BAKER, BAKES, BALAS, BALED, BALER, BALES, BALUS, BANAL, BANED, BANES, BAPUS, BARED, BARER, BARES, BARIC, BARON, BASAL, BASAN, BASED, BASER, BASES, BASIC, BASIL, BASIN, BASIS, BASON, BATED, BATES, BATIK, BATON, BAVIN, BAZAR, BEBOP, BECAP, BEDAD, BEDEL, BEDES, BEDEW, BEDIM, BEFIT, BEFOG, BEGAD, BEGAN, BEGAR, BEGAT, BEGEM, BEGET, BEGIN, BEGOT, BEGUM, BEGUN, BEJEL, BEKAH, BELAH, BELOW, BEMAD, BEMAS, BEMIX, BEMUD, BENES, BENET, BENIS, BEPAT, BERES, BERET, BEROB, BERYL, BESAT, BESAW, BESES, BESET, BESIT, BESOM, BESOT, BETAS, BETED, BETEL, BETES, BETID, BETON, BEVEL, BEVER, BEVOR, BEWET, BEWIG, BEZEL, BEZES, BEZIL, BICEP, BICES, BIDED, BIDER, BIDES, BIDET, BIDON, BIFID, BIGOS, BIGOT, BIKED, BIKER, BIKES, BILES, BIMAH, BIMAS, BINAL, BINES, BINIT, BIPED, BIPOD, BIROS, BISES, BISON, BITER, BITES, BITOK, BITOS, BIZES, BOBAC, BOBAK, BOBAS, BODED, BODES, BOGAN, BOGUS, BOHOS, BOKED, BOKES, BOKOS, BOLAR, BOLAS, BOLES, BOLIX, BOLOS, BOLUS, BOMAS, BONED, BONER, BONES, BONUS, BORAK, BORAL, BORAS, BORAX, BORED, BOREL, BORER, BORES, BORIC, BORON, BOSOM, BOSON, BOSUN, BOTAS, BOTEL, BOVID, BOWAT, BOWED, BOWEL, BOWER, BOWES, BOWET, BOXED, BOXEN, BOXER, BOXES, BOZOS, BUBAL, BUBAS, BUBUS, BUDOS, BUFOS, BUKES, BUNAS, BURAN, BURAS, BURET, BURIN, BUSED, BUSES, BUTES, BUTUT, BUTYL, BUXOM, BYKED, BYKES, BYLAW, BYRES, BYTES, CABAL, CABAS, CABER, CABIN, CABOB, CABOC, CACAS, CADES, CADET, CADIS, CAFES, CAGED, CAGER, CAGES, CAGOT, CAHOW, CAJON, CAJUN, CAKED, CAKES, CALID, CALIF, CALIX, CALOS, CALYX, CAMAN, CAMAS, CAMEL, CAMES, CAMIS, CAMOS, CAMUS, CANAL, CANED, CANEH, CANER, CANES, CANID, CANON, CAPAS, CAPED, CAPER, CAPES, CAPIZ, CAPON, CAPOS, CAPOT, CAPUL, CAPUT, CARAP, CARAT, CARED, CARER, CARES, CARET, CAREX, CAROB, CAROL, CAROM, CASAS, CASED, CASES, CASUS, CATER, CATES, CAVED, CAVEL, CAVER, CAVES, CAVIL, CAWED, CAXON, CEBID, CECAL, CECUM, CEDAR, CEDED, CEDER, CEDES, CEDIS, CEGEP, CELEB, CELOM, CEPES, CERED, CERES, CERIC, CEROS, CETES, CETYL, CIBOL, CIDER, CIGAR, CIMAR, CIMEX, CINES, CIRES, CITAL, CITED, CITER, CITES, CIVES, CIVET, CIVIC, CIVIL, COCAS, COCOS, CODAS, CODEC, CODED, CODEN, CODER, CODES, CODEX, CODON, COGON, COHAB, COHEN, COHOG, COHOS, COKED, COKES, COLAS, COLED, COLES, COLIC, COLIN, COLOG, COLON, COLOR, COMAL, COMAS, COMER, COMES, COMET, COMIC, COMIX, COMUS, CONED, CONES, CONIC, CONIN, CONUS, COPAL, COPED, COPEN, COPER, COPES, CORAL, CORAM, CORED, COREQ, CORER, CORES, COSEC, COSED, COSES, COSET, COTAN, COTED, COTES, COVED, COVEN, COVER, COVES, COVET, COVIN, COWAL, COWAN, COWED, COWER, COXAL, COXED, COXES, COZED, COZEN, COZES, CUBEB, CUBED, CUBER, CUBES, CUBIC, CUBIT, CUKES, CULET, CULEX, CUMEC, CUMIN, CUPEL, CUPID, CURAT, CURED, CURER, CURES, CURET, CUSEC, CUTER, CUTES, CUTIN, CUTIS, CUTUP, CYCAD, CYCAS, CYDER, CYLIX, CYMAR, CYMAS, CYMES, CYMOL, CYNIC, CYTON, DACES, DADAS, DADOS, DAGOS, DAKER, DALED, DALES, DALET, DALIS, DAMAN, DAMAR, DAMES, DARAF, DARED, DARER, DARES, DARIC, DARIS, DATAL, DATED, DATER, DATES, DATOS, DATUM, DAVEN, DAVIT, DAWED, DAWEN, DAZED, DAZER, DAZES, DEBAG, DEBAR, DEBEL, DEBIT, DEBUD, DEBUG, DEBUS, DEBUT, DECAD, DECAF, DECAL, DECON, DECOR, DECOS, DEDAL, DEFAT, DEFER, DEFIS, DEFOG, DEGAS, DEGUM, DEKED, DEKES, DELED, DELES, DELIS, DEMAN, DEMES, DEMIC, DEMIT, DEMOB, DEMON, DEMOS, DEMUR, DENAR, DENES, DENIM, DEPOT, DERAT, DERED, DERES, DERIB, DERIG, DESEX, DETER, DETOX, DEVAS, DEVEL, DEVIL, DEVON, DEVOT, DEWAN, DEWAR, DEWAX, DEWED, DEXES, DICED, DICER, DICES, DICOT, DIDOS, DIGIT, DIKAS, DIKED, DIKER, DIKES, DIMER, DIMES, DINAR, DINED, DINER, DINES, DINIC, DINOS, DIRER, DISAS, DITAL, DITAS, DITED, DITES, DIVAN, DIVAS, DIVED, DIVER, DIVES, DIVIS, DIVOT, DIWAN, DIXIT, DIZEN, DODOS, DOGES, DOJOS, DOLED, DOLES, DOLOR, DOMAL, DOMED, DOMES, DOMIC, DONAH, DONAS, DONOR, DONUT, DOPAS, DOPED, DOPER, DOPES, DORAD, DOSED, DOSEH, DOSER, DOSES, DOTAL, DOTED, DOTER, DOTES, DOVED, DOVEN, DOVER, DOVES, DOWAR, DOWED, DOWEL, DOWER, DOZED, DOZEN, DOZER, DOZES, DUCAL, DUCAT, DUCES, DUDED, DUDES, DUFUS, DUKED, DUKES, DULES, DUMAS, DUNAM, DUNES, DUPED, DUPER, DUPES, DURAL, DURAS, DURED, DURES, DUROC, DUROS, DURUM, DUVET, DUXES, DYKED, DYKES, DYNEL, DYNES, FACED, FACER, FACES, FACET, FADED, FADER, FADES, FADOS, FAGIN, FAGOT, FAKED, FAKER, FAKES, FAKIR, FALAJ, FAMED, FAMES, FANAC, FANAL, FANES, FANIN, FANON, FANOS, FANUM, FAQIR, FARAD, FARED, FARER, FARES, FAROS, FATAL, FATED, FATES, FAVAS, FAVEL, FAVER, FAVES, FAVOR, FAVUS, FAXED, FAXES, FAZED, FAZES, FECAL, FECES, FECIT, FEDEX, FELID, FELON, FEMAL, FEMES, FEMUR, FENIS, FERAL, FERER, FERES, FETAL, FETAS, FETED, FETES, FETID, FETOR, FETUS, FEVER, FEWER, FEZES, FIBER, FICES, FICIN, FICOS, FICUS, FIDOS, FIFED, FIFER, FIFES, FIGOS, FIKED, FIKES, FILAR, FILED, FILER, FILES, FILET, FILOS, FILUM, FINAL, FINED, FINER, FINES, FINIS, FINOS, FIRED, FIRER, FIRES, FIVER, FIVES, FIXED, FIXER, FIXES, FIXIT, FOCAL, FOCUS, FOLIC, FOMES, FORAM, FOREL, FORES, FORUM, FOXED, FOXES, FUCUS, FUGAL, FUGUS, FUJIS, FUMED, FUMER, FUMES, FUMET, FURAL, FURAN, FUROL, FUROR, FUROS, FUSED, FUSEL, FUSES, FUSIL, FUTON, FUZED, FUZES, FUZIL, FYCES, FYKED, FYKES, FYLES, GADES, GADID, GADIS, GAGED, GAGER, GAGES, GAJOS, GALAH, GALAS, GALAX, GALES, GALOP, GALUT, GAMAS, GAMED, GAMER, GAMES, GAMIC, GAMIN, GAMUT, GANEF, GANEV, GANOF, GAPED, GAPER, GAPES, GAPOS, GARUM, GASES, GATED, GATER, GATES, GATOR, GAVEL, GAVOT, GAZAL, GAZAR, GAZED, GAZER, GAZES, GAZON, GEBEL, GEBUR, GELID, GEMEL, GEMOT, GENAL, GENAS, GENES, GENET, GENIC, GENIP, GENOM, GENUS, GERAH, GERES, GETAS, GETUP, GIBED, GIBEL, GIBER, GIBES, GIBUS, GIGAS, GIGOT, GILAS, GILET, GIMEL, GIPON, GIRIS, GIRON, GIROS, GITES, GIVED, GIVEN, GIVER, GIVES, GOBAN, GOBOS, GODET, GOFER, GOGOS, GOLEM, GOLES, GOMER, GONAD, GONEF, GONER, GONIF, GONOF, GONYS, GOPAK, GOPIK, GORAL, GORED, GORES, GOWAN, GOXES, GUDES, GUGAS, GULAG, GULAR, GULAS, GULES, GURUS, GYBED, GYBES, GYRAL, GYRED, GYRES, GYRON, GYROS, GYRUS, GYTES, GYVED, GYVES, HABIT, HABUS, HACEK, HADAL, HADED, HADES, HAFIS, HAFIZ, HAHAS, HAJES, HAJIS, HAKAM, HAKAS, HAKES, HAKIM, HAKUS, HALAL, HALED, HALER, HALES, HALID, HALON, HALOS, HAMAL, HAMED, HAMES, HANAP, HAPAX, HARAM, HARED, HAREM, HARES, HARIM, HAROS, HATED, HATER, HATES, HAVEN, HAVER, HAVES, HAVOC, HAWED, HAZAN, HAZED, HAZEL, HAZER, HAZES, HEBEN, HEBES, HEDER, HEJAB, HELED, HELES, HELIS, HELIX, HELOS, HELOT, HEMAL, HEMES, HEMIC, HEMIN, HEPAR, HEREM, HERES, HERON, HEROS, HETES, HEWED, HEWER, HEXAD, HEXED, HEXER, HEXES, HEXYL, HIDED, HIDER, HIDES, HIJAB, HIKED, HIKER, HIKES, HILAR, HILUM, HILUS, HIRED, HIRER, HIRES, HIVED, HIVER, HIVES, HIZEN, HOBOS, HOCUS, HODAD, HOGAN, HOGEN, HOHED, HOKED, HOKES, HOKIS, HOKUM, HOLED, HOLES, HOMED, HOMER, HOMES, HOMOS, HONAN, HONED, HONER, HONES, HONOR, HOPED, HOPER, HOPES, HORAH, HORAL, HORAS, HOSED, HOSEL, HOSEN, HOSER, HOSES, HOTEL, HOTEN, HOVED, HOVEL, HOVEN, HOVER, HOVES, HOWES, HOXED, HOXES, HUGER, HULAS, HULES, HUMAN, HUMAS, HUMIC, HUMID, HUMOR, HUMUS, HUPOT, HUSOS, HYKES, HYLAS, HYLEG, HYLES, HYLIC, HYMEN, HYPED, HYPER, HYPES, HYPOS, HYRAX, HYSON, JABOT, JACAL, JADED, JADES, JAGER, JAGIR, JAKES, JALAP, JALOP, JAMES, JANES, JAPAN, JAPED, JAPER, JAPES, JARIS, JARUL, JATOS, JAVAS, JAVEL, JAWAN, JAWED, JEBEL, JEFES, JEHAD, JEHUS, JELAB, JERID, JESUS, JETES, JETON, JEWED, JEWEL, JIBED, JIBER, JIBES, JIGOT, JIHAD, JIVED, JIVER, JIVES, JOBED, JOBES, JODEL, JOKED, JOKER, JOKES, JOKOL, JOLED, JOLES, JOMOS, JONES, JORAM, JORUM, JOTAS, JOTUN, JOWAR, JOWED, JUBAS, JUBES, JUDAS, JUDOS, JUGAL, JUGUM, JUJUS, JUKED, JUKES, JULEP, JUMAR, JUPES, JUPON, JURAL, JURAT, JUREL, JUROR, JUTES, JUVES, KABAB, KABAR, KABOB, KADES, KADIS, KAFIR, KAGOS, KAGUS, KAHAL, KAKAS, KAKIS, KALAM, KALES, KALIF, KALIS, KAMAS, KAMES, KAMIK, KAMIS, KANAS, KANEH, KANES, KAPAS, KAPOK, KAPUT, KARAS, KARAT, KATAS, KATIS, KAVAS, KAWED, KAZIS, KEBAB, KEBAR, KEBOB, KEFIR, KELEP, KELIM, KENAF, KENOS, KEPIS, KESAR, KETAS, KETOL, KEVEL, KEVIL, KEXES, KIBES, KIDEL, KIKES, KILIM, KILOS, KINAS, KINES, KININ, KINOS, KIPES, KISAN, KITED, KITER, KITES, KIVAS, KIWIS, KOBAN, KOBOS, KOJIS, KOKER, KOKUM, KOLAS, KOLOS, KOPEK, KORAS, KORAT, KORES, KORUN, KOSES, KOTOS, KOTOW, KUDOS, KUDUS, KUGEL, KUKUS, KULAK, KULAN, KUMYS, KUNAS, KURIS, KURUS, KYLES, KYLIN, KYLIX, KYTES, LABEL, LABIS, LABOR, LACED, LACER, LACES, LACET, LADED, LADEN, LADER, LADES, LAGAN, LAGER, LAHAR, LAKED, LAKER, LAKES, LAKIN, LAMAS, LAMED, LAMER, LAMES, LANAS, LANES, LAPEL, LAPIN, LAPIS, LARES, LARIS, LARUM, LASED, LASER, LASES, LATED, LATEN, LATER, LATEX, LAVAS, LAVED, LAVER, LAVES, LAWED, LAWER, LAWIN, LAXER, LAXES, LAZAR, LAZED, LAZES, LAZOS, LEBEN, LEDUM, LEGAL, LEGER, LEGES, LEGIT, LEMAN, LEMED, LEMEL, LEMES, LEMON, LEMUR, LENES, LENIS, LENOS, LEPER, LEPID, LERED, LERES, LESES, LETUP, LEVEL, LEVER, LEVIN, LEVIS, LEWIS, LEXES, LEXIS, LEZES, LIBEL, LIBER, LICIT, LIDAR, LIDOS, LIFER, LIGAN, LIGER, LIKED, LIKEN, LIKER, LIKES, LIKIN, LILAC, LILOS, LIMAN, LIMAS, LIMAX, LIMED, LIMEN, LIMES, LIMIT, LIMOS, LINAC, LINED, LINEN, LINER, LINES, LININ, LINOS, LINUM, LIPID, LIPIN, LIRAS, LIROT, LITAS, LITED, LITER, LITES, LIVED, LIVEN, LIVER, LIVES, LIVID, LIVOR, LOBAR, LOBED, LOBES, LOBOS, LOBUS, LOCAL, LOCOS, LOCUM, LOCUS, LODEN, LODES, LOGAN, LOGES, LOGIC, LOGOS, LOKES, LOLOG, LOMAS, LOMED, LOMES, LONER, LOPED, LOPER, LOPES, LORAL, LORAN, LOREL, LORES, LORIC, LORIS, LOSED, LOSEL, LOSEN, LOSER, LOSES, LOTAH, LOTAS, LOTES, LOTIC, LOTOS, LOTUS, LOVAT, LOVED, LOVER, LOVES, LOWAN, LOWED, LOWER, LOWES, LOXED, LOXES, LOZEN, LUBED, LUBES, LUCES, LUCID, LUDES, LUDIC, LUDOS, LUGED, LUGER, LUGES, LULUS, LUMEN, LUNAR, LUNAS, LUNES, LUNET, LUPIN, LUPUS, LURED, LURER, LURES, LUREX, LURID, LUSUS, LUTED, LUTER, LUTES, LUXES, LYMES, LYNES, LYRES, LYRIC, LYSED, LYSES, LYSIN, LYSIS, LYSOL, LYTED, LYTES, LYTIC, MABES, MACAW, MACED, MACER, MACES, MACON, MADAM, MADID, MAFIC, MAGES, MAGIC, MAGOT, MAGUS, MAJOR, MAKAR, MAKER, MAKES, MAKOS, MALAR, MALAX, MALES, MALIC, MALIK, MALIS, MAMAS, MANAS, MANAT, MANED, MANEH, MANES, MANET, MANIC, MANIS, MANOR, MANOS, MANUL, MANUS, MARAH, MARAS, MARES, MARID, MARON, MAROR, MASAS, MASED, MASER, MASES, MASON, MASUS, MATED, MATER, MATES, MATIN, MAVEN, MAVIN, MAVIS, MAWED, MAXED, MAXES, MAXIM, MAXIS, MAZED, MAZER, MAZES, MAZUT, MEBOS, MEDAL, MEDIC, MELAS, MELIC, MELIK, MELON, MEMES, MEMOS, MENAD, MENED, MENES, MENUS, MERED, MEREL, MERER, MERES, MERIL, MERIS, MERIT, MESAL, MESAS, MESEL, MESES, MESIC, MESON, METAL, METED, METER, METES, METIC, METIF, METIS, METOL, MEVED, MEVES, MEWED, MEWER, MEZES, MICAS, MICOS, MIDIS, MIKED, MIKES, MILER, MILES, MILOR, MILOS, MIMED, MIMER, MIMES, MIMIC, MINAR, MINAS, MINED, MINER, MINES, MINIM, MINIS, MINOR, MINOS, MINUS, MIRED, MIRES, MIREX, MIRIN, MISER, MISES, MISOS, MITER, MITES, MITIS, MIXED, MIXEN, MIXER, MIXES, MIXUP, MIZEN, MODAL, MODEL, MODEM, MODER, MODES, MODUS, MOGUL, MOHEL, MOHUR, MOJOS, MOKES, MOKIS, MOKOS, MOLAL, MOLAR, MOLAS, MOLES, MOMES, MOMUS, MONAD, MONAL, MONAS, MONER, MONOS, MOPED, MOPER, MOPES, MOPUS, MORAL, MORAS, MORAT, MOREL, MORES, MORON, MOSED, MOSES, MOTED, MOTEL, MOTEN, MOTES, MOTET, MOTIF, MOTOR, MOTUS, MOVED, MOVER, MOVES, MOWAS, MOWED, MOWER, MOXAS, MOZED, MOZES, MOZOS, MUCID, MUCIN, MUCOR, MUCUS, MUDIR, MUJIK, MULED, MULES, MUMUS, MUNIS, MURAL, MURAS, MURED, MURES, MUREX, MURID, MUSED, MUSER, MUSES, MUSET, MUSIC, MUSIT, MUSOS, MUTED, MUTER, MUTES, MUTIS, MUTON, MUXED, MUXES, MUZAK, MYLAR, MYNAH, MYNAS, MYSID, NABES, NABIS, NABOB, NADAS, NADIR, NAGAS, NAGOR, NAHAL, NAKED, NAKER, NALAS, NALED, NAMED, NAMER, NAMES, NANAS, NAPAS, NAPES, NARAS, NARES, NARIC, NARIS, NASAL, NATAL, NATES, NAVAL, NAVAR, NAVEL, NAVES, NAVEW, NAWAB, NAZES, NAZIR, NAZIS, NEBEK, NEBEL, NEGUS, NELIS, NEMAS, NENES, NEPER, NEPIT, NERAL, NEROL, NETES, NETOP, NEVEL, NEVER, NEVES, NEVUS, NEWED, NEWEL, NEWER, NEXUS, NICAD, NICER, NICOL, NIDAL, NIDED, NIDES, NIDOR, NIDUS, NIFES, NIGER, NIHIL, NINES, NINON, NIPAS, NISUS, NITER, NITES, NITID, NITON, NIVAL, NIXED, NIXES, NIZAM, NODAL, NODES, NODUS, NOHOW, NOLES, NOLOS, NOMAD, NOMAS, NOMEN, NOMES, NOMIC, NOMOS, NONAS, NONES, NONET, NONYL, NOPAL, NORIS, NOSED, NOSER, NOSES, NOTAL, NOTED, NOTER, NOTES, NOTUM, NOVAS, NOVEL, NOVUM, NOWED, NOWEL, NOXAL, NOXES, NUDER, NUDES, NUKED, NUKES, NUMEN, NYLON, PACAS, PACED, PACER, PACES, PACOS, PADIS, PAGAN, PAGED, PAGER, PAGES, PAGOD, PALAS, PALED, PALER, PALES, PALET, PANAX, PANED, PANEL, PANES, PANIC, PANIM, PAPAL, PAPAS, PAPAW, PAPER, PAPES, PARAS, PARED, PARER, PARES, PAREV, PARIS, PAROL, PASES, PATAS, PATED, PATEN, PATER, PATES, PATIN, PAVAN, PAVED, PAVEN, PAVER, PAVES, PAVID, PAVIN, PAVIS, PAWAS, PAWAW, PAWED, PAWER, PAXES, PEBAS, PECAN, PEDAL, PEDES, PEKAN, PEKES, PEKIN, PELAS, PELES, PELON, PENAL, PENED, PENES, PENIS, PEPOS, PERES, PERIL, PERIS, PESOS, PETAL, PETAR, PETER, PETIT, PEWIT, PIBAL, PICAL, PICAS, PICOT, PICUL, PIKAS, PIKED, PIKER, PIKES, PIKIS, PIKUL, PILAF, PILAR, PILAW, PILED, PILER, PILES, PILIS, PILOT, PILOW, PILUM, PILUS, PIMAS, PINAS, PINED, PINES, PINON, PINOT, PINUP, PIPAL, PIPAS, PIPED, PIPER, PIPES, PIPET, PIPIS, PIPIT, PIPUL, PIROG, PISES, PISOS, PITAS, PITON, PIVOT, PIXEL, PIXES, PIZES, PODAL, PODEX, POGOS, POKAL, POKED, POKER, POKES, POLAR, POLED, POLER, POLES, POLIS, POLOS, POLYP, POLYS, POMES, POMOS, PONES, POPES, PORAL, PORED, PORER, PORES, POSED, POSER, POSES, POSIT, POTED, POTES, POTIN, POWAN, POWER, POWIN, POXED, POXES, PUBES, PUBIC, PUBIS, PUCES, PUDIC, PUDOR, PUDUS, PUGIL, PUJAH, PUJAS, PUKED, PUKER, PUKES, PUKUS, PULAS, PULED, PULER, PULES, PULIK, PULIS, PULUS, PUMAS, PUNAS, PUPAL, PUPAS, PUPIL, PURED, PURER, PURES, PURIM, PURIN, PURIS, PUSES, PUTID, PUTON, PUZEL, PYGAL, PYLON, PYNED, PYNES, PYRAL, PYRAN, PYRES, PYREX, PYRIC, PYROS, PYXED, PYXES, PYXIS, QADIS, QANAT, RABAT, RABIC, RABID, RABIS, RACED, RACER, RACES, RACON, RADAR, RADIX, RADON, RAGAS, RAGED, RAGER, RAGES, RAGIS, RAHED, RAJAH, RAJAS, RAJES, RAKED, RAKER, RAKES, RAKIS, RAKUS, RALES, RAMAL, RAMEN, RAMET, RAMIN, RAMIS, RAMUS, RANAS, RANID, RANIS, RAPED, RAPER, RAPES, RAPID, RARED, RARER, RARES, RASED, RASER, RASES, RATAL, RATAN, RATAS, RATED, RATEL, RATER, RATES, RATOS, RATUS, RAVED, RAVEL, RAVEN, RAVER, RAVES, RAVIN, RAWER, RAWIN, RAXED, RAXES, RAZED, RAZER, RAZES, RAZOR, REBAR, REBEC, REBEL, REBID, REBIT, REBOP, REBUS, REBUT, RECAL, RECAP, RECIT, RECON, RECUR, RECUT, REDAN, REDED, REDES, REDID, REDIP, REDON, REDOS, REDOX, REDUB, REDUX, REFED, REFEL, REFER, REFIT, REFIX, REGAL, REGAR, REGES, REGOS, REGUR, REHAB, REHEM, REJIG, REJON, REKED, REKES, RELAX, RELET, RELIC, RELIT, REMAN, REMAP, REMEN, REMET, REMEX, REMIT, REMIX, RENAL, RENEW, RENIG, RENIN, REPEG, REPEL, REPIN, REPOS, REPOT, RERAN, RERIG, RERUN, RESAT, RESAW, RESES, RESET, RESEW, RESID, RESIN, RESIT, RESOD, RESOW, RETAG, RETAX, RETEM, RETES, REVEL, REVET, REWAN, REWAX, REWED, REWET, REWIN, REWON, REXES, RIBES, RICED, RICER, RICES, RICIN, RIDER, RIDES, RIFER, RIGID, RIGOL, RIGOR, RILED, RILES, RIMED, RIMER, RIMES, RIMUS, RINES, RIPED, RIPEN, RIPER, RIPES, RISEN, RISER, RISES, RISUS, RITES, RIVAL, RIVAS, RIVED, RIVEL, RIVEN, RIVER, RIVES, RIVET, RIVOS, RIZAS, ROBED, ROBER, ROBES, ROBIN, ROBOT, RODED, RODES, ROGER, ROJIS, ROKED, ROKER, ROKES, ROLAG, ROLES, ROMAL, ROMAN, ROMAS, RONES, ROPED, ROPER, ROPES, RORAL, RORES, RORIC, RORID, ROSED, ROSES, ROSET, ROSIN, ROSIT, ROTAL, ROTAS, ROTED, ROTES, ROTIS, ROTOR, ROTOS, ROVED, ROVEN, ROVER, ROVES, ROWAN, ROWED, ROWEL, ROWEN, ROWER, ROZET, ROZIT, RUBES, RUBIN, RUBUS, RUDAS, RUDER, RUDES, RUGAL, RULED, RULER, RULES, RUMAL, RUMEN, RUMES, RUMOR, RUNED, RUNES, RUNIC, RUNUP, RURAL, RURUS, RUSAS, RUSES, RUTIN, RYBAT, RYKED, RYKES, RYPER, SABAL, SABED, SABER, SABES, SABIN, SABIR, SABOT, SADES, SADIS, SAFED, SAFER, SAFES, SAGAS, SAGER, SAGES, SAGOS, SAGUM, SAHIB, SAKER, SAKES, SAKIS, SALAD, SALAL, SALEP, SALES, SALET, SALIC, SALIX, SALOL, SALON, SALOP, SAMAN, SAMAS, SAMEK, SAMEL, SAMEN, SAMES, SANED, SANER, SANES, SAPAN, SAPID, SAPOR, SARAN, SARED, SARIN, SARIS, SAROD, SAROS, SARUS, SASIN, SATED, SATEM, SATES, SATIN, SATIS, SATYR, SAVED, SAVER, SAVES, SAVIN, SAVOR, SAWAH, SAWED, SAWER, SAXES, SAZES, SEBUM, SEDAN, SEDER, SEDES, SEDUM, SEGAR, SEGOL, SEGOS, SEKOS, SELAH, SELES, SEMEN, SEMES, SEMIS, SENAS, SENOR, SEPAD, SEPAL, SEPIC, SERAC, SERAL, SERED, SERER, SERES, SERIC, SERIF, SERIN, SERON, SEROW, SERUM, SETAL, SETON, SETUP, SEVEN, SEVER, SEWAN, SEWAR, SEWED, SEWEL, SEWEN, SEWER, SEWIN, SEXED, SEXER, SEXES, SIBYL, SICES, SIDAS, SIDED, SIDER, SIDES, SIGIL, SIJOS, SIKAS, SIKER, SIKES, SILAS, SILED, SILEN, SILER, SILES, SILEX, SILOS, SIMAR, SIMAS, SIMIS, SIMUL, SINED, SINES, SINEW, SINUS, SIPED, SIPES, SIRED, SIREN, SIRES, SIRIH, SIRIS, SIROC, SIRUP, SISAL, SISES, SITAR, SITED, SITES, SITUP, SITUS, SIVER, SIXER, SIXES, SIZAR, SIZED, SIZEL, SIZER, SIZES, SOBER, SOCAS, SODAS, SODIC, SODOM, SOFAR, SOFAS, SOGER, SOJAS, SOKAH, SOKEN, SOKES, SOKOL, SOLAH, SOLAN, SOLAR, SOLAS, SOLED, SOLER, SOLES, SOLID, SOLON, SOLOS, SOLUM, SOLUS, SOMAN, SOMAS, SONAR, SONES, SONIC, SOPOR, SORAL, SORAS, SORED, SOREL, SORER, SORES, SOREX, SORUS, SOTOL, SOWAR, SOWED, SOWER, SOZIN, SUBAH, SUBAS, SUBER, SUDOR, SUGAR, SULUS, SUMAC, SUMOS, SUNIS, SUNUP, SUPER, SUPES, SURAH, SURAL, SURAS, SURAT, SURED, SURER, SURES, SUSES, SUSUS, SUTOR, SYBIL, SYBOW, SYCES, SYKER, SYKES, SYLIS, SYMAR, SYNED, SYNES, SYNOD, SYPED, SYPES, SYRAH, SYREN, SYRUP, SYSOP, SYVER, TABER, TABES, TABID, TABIS, TABOR, TABUN, TABUS, TACAN, TACES, TACET, TACIT, TACOS, TAHAS, TAJES, TAKAS, TAKEN, TAKER, TAKES, TAKIN, TAKIS, TALAK, TALAQ, TALAR, TALAS, TALER, TALES, TALON, TALUK, TALUS, TAMAL, TAMED, TAMER, TAMES, TAMIN, TAMIS, TANAS, TAPAS, TAPED, TAPEN, TAPER, TAPES, TAPET, TAPIR, TAPIS, TAPUS, TARAS, TARED, TARES, TAROC, TAROK, TAROS, TAROT, TASAR, TASER, TATAR, TATER, TATES, TATIN, TATUS, TAVAH, TAVAS, TAVER, TAWAS, TAWED, TAWER, TAXED, TAXER, TAXES, TAXIS, TAXOL, TAXON, TAXOR, TAXUS, TEGUS, TELES, TELEX, TELIC, TELOS, TEMED, TEMES, TENES, TENET, TENON, TENOR, TEPAL, TEPAS, TEPID, TERAS, TEREK, TERES, TETES, TEWED, TEWEL, TEWIT, TEXAS, TICAL, TICED, TICES, TIDAL, TIDED, TIDES, TIGER, TIGES, TIGON, TIKAS, TIKES, TIKIS, TILAK, TILED, TILER, TILES, TIMED, TIMER, TIMES, TIMID, TIMON, TINED, TINES, TIPIS, TIRED, TIRES, TIROS, TITAN, TITER, TITIS, TITUP, TOCOS, TOFUS, TOGAS, TOGED, TOGES, TOHOS, TOKED, TOKEN, TOKER, TOKES, TOKOS, TOLAN, TOLAR, TOLAS, TOLED, TOLES, TOLUS, TOLYL, TOMAN, TOMES, TONAL, TONED, TONER, TONES, TONIC, TONUS, TOPAZ, TOPED, TOPEK, TOPER, TOPES, TOPIC, TOPIS, TOPOS, TORAH, TORAN, TORAS, TORES, TORIC, TOROS, TOROT, TORUS, TOSAS, TOSED, TOSES, TOTAL, TOTED, TOTEM, TOTER, TOTES, TOWED, TOWEL, TOWER, TOXIC, TOXIN, TOZED, TOZES, TUBAL, TUBAR, TUBAS, TUBED, TUBER, TUBES, TUFAS, TULES, TULIP, TUMID, TUMOR, TUNAS, TUNED, TUNER, TUNES, TUNIC, TUPEK, TUPIK, TUTOR, TUTUS, TUXES, TYKES, TYLER, TYNED, TYNES, TYPAL, TYPED, TYPES, TYPIC, TYPOS, TYRAN, TYRED, TYRES, TYROS, VADAS, VADED, VADES, VAGAL, VAGUS, VAKIL, VALES, VALET, VALID, VALIS, VALOR, VANED, VANES, VAPID, VAPOR, VARAN, VARAS, VAREC, VARES, VARIX, VARUS, VASAL, VASES, VATIC, VATUS, VEGAN, VEGAS, VEGES, VELAR, VELES, VELUM, VENAL, VENIN, VENOM, VENUS, VEXED, VEXER, VEXES, VEXIL, VEZIR, VIBES, VIBEX, VICAR, VICED, VICES, VIGAS, VIGIL, VIGOR, VILER, VIMEN, VINAL, VINAS, VINED, VINER, VINES, VINEW, VINIC, VINOS, VINYL, VIPER, VIRAL, VIRED, VIRES, VIRID, VIRUS, VISAS, VISED, VISES, VISIT, VISON, VISOR, VITAL, VITAS, VITEX, VIVAS, VIVAT, VIVAX, VIVER, VIVES, VIVID, VIXEN, VIZIR, VIZOR, VOCAB, VOCAL, VOCES, VODUN, VOLAR, VOLED, VOLES, VOLET, VOMER, VOMIT, VOTED, VOTER, VOTES, VOWED, VOWEL, VOWER, WADAS, WADED, WADER, WADES, WADIS, WAFER, WAGED, WAGER, WAGES, WAGON, WAKAS, WAKED, WAKEN, WAKER, WAKES, WAKIL, WALED, WALER, WALES, WALIS, WAMED, WAMES, WAMUS, WANED, WANES, WARED, WARES, WAREZ, WASES, WATAP, WATER, WAVED, WAVER, WAVES, WAWAS, WAWES, WAXED, WAXEN, WAXER, WAXES, WAZIR, WEBER, WEDEL, WEKAS, WETAS, WEXED, WEXES, WIDEN, WIDER, WIDES, WIDOW, WIFED, WIFES, WIGAN, WILED, WILES, WILIS, WINED, WINES, WINOS, WIPED, WIPER, WIPES, WIRED, WIRER, WIRES, WISED, WISER, WISES, WITAN, WITED, WITES, WIVED, WIVER, WIVES, WIZEN, WIZES, WOFUL, WOKEN, WOMAN, WOMEN, WOMYN, WOVEN, WOWED, WOXEN, WUSES, WYLED, WYLES, WYTED, WYTES, XEBEC, XENIC, XENON, XERIC, XEROX, XERUS, XYLAN, XYLEM, XYLIC, XYLOL, XYLYL, ZAKAT, ZAMAN, ZARIS, ZATIS, ZAXES, ZAZEN, ZEBEC, ZEBUB, ZEBUS, ZEROS, ZETAS, ZEXES, ZEZES, ZIBET, ZIGAN, ZILAS, ZINEB, ZINES, ZIRAM, ZITIS, ZIZEL, ZIZIT, ZOBOS, ZOBUS, ZONAL, ZONED, ZONER, ZONES, ZORIL, ZORIS, ZULUS, ZUPAN, ZUPAS, ZUZIM, ZYGAL, ZYGON, ZYMES, ZYMIC
3. BHANG, BHELS, BHUTS, BLABS, BLACK, BLADS, BLAFF, BLAGS, BLAHS, BLAMS, BLAND, BLANK, BLASH, BLAST, BLATS, BLATT, BLAWN, BLAWS, BLEBS, BLEND, BLENT, BLESS, BLEST, BLETS, BLIMP, BLIND, BLINK, BLINS, BLIPS, BLISS, BLIST, BLITZ, BLOBS, BLOCK, BLOCS, BLOND, BLOTS, BLOWN, BLOWS, BLUBS, BLUFF, BLUNK, BLUNT, BLURB, BLURS, BLURT, BLUSH, BRACH, BRACK, BRACT, BRADS, BRAGS, BRAND, BRANK, BRANS, BRANT, BRASH, BRASS, BRAST, BRATS, BRAWL, BRAWN, BRAWS, BRENS, BRENT, BRERS, BREWS, BRICK, BRIGS, BRILL, BRIMS, BRING, BRINK, BRINS, BRISK, BRITH, BRITS, BRITT, BROCH, BROCK, BRODS, BROGH, BROGS, BRONC, BROND, BROTH, BROWN, BROWS, BRUGH, BRUNG, BRUNT, BRUSH, BRUSK, BRUST, CHACK, CHADS, CHAFF, CHAFT, CHALK, CHALS, CHAMP, CHAMS, CHANG, CHANK, CHANT, CHAPS, CHAPT, CHARD, CHARK, CHARM, CHARR, CHARS, CHART, CHASM, CHATS, CHAWS, CHECK, CHEFS, CHERT, CHESS, CHEST, CHETH, CHEWS, CHICH, CHICK, CHICS, CHIKS, CHILD, CHILL, CHIMB, CHIMP, CHINK, CHINS, CHIPS, CHIRK, CHIRL, CHIRM, CHIRP, CHIRR, CHIRT, CHITS, CHIVS, CHIZZ, CHOCK, CHOCS, CHOMP, CHONS, CHOPS, CHORD, CHOTT, CHOWS, CHUBS, CHUCK, CHUFF, CHUGS, CHUMP, CHUMS, CHUNK, CHURL, CHURN, CHURR, CHYND, CLACH, CLACK, CLADS, CLAGS, CLAMP, CLAMS, CLANG, CLANK, CLANS, CLAPS, CLAPT, CLART, CLASH, CLASP, CLASS, CLAST, CLATS, CLAWS, CLECK, CLEFS, CLEFT, CLEGS, CLEMS, CLEPT, CLERK, CLEWS, CLICK, CLIFF, CLIFT, CLIMB, CLING, CLINK, CLINT, CLIPS, CLIPT, CLITS, CLOCK, CLODS, CLOFF, CLOGS, CLOMB, CLOMP, CLONK, CLONS, CLOPS, CLOTH, CLOTS, CLOWN, CLOWS, CLUBS, CLUCK, CLUMP, CLUNG, CLUNK, CRABS, CRACK, CRAFT, CRAGS, CRAMP, CRAMS, CRANK, CRANS, CRAPS, CRASH, CRASS, CRAWL, CRAWS, CREDS, CREPT, CRESS, CREST, CREWS, CRIBS, CRICK, CRIMP, CRIMS, CRISP, CRITH, CRITS, CROCK, CROCS, CROFT, CROMB, CRONK, CROPS, CROSS, CROWD, CROWN, CROWS, CRUCK, CRUDS, CRUFT, CRUMB, CRUMP, CRUSH, CRUST, CRYPT, CZARS, DHAKS, DHALS, DHOLL, DHOWS, DJINN, DJINS, DRABS, DRAFF, DRAFT, DRAGS, DRAMS, DRANK, DRANT, DRAPS, DRATS, DRAWL, DRAWN, DRAWS, DRECK, DREGS, DREKS, DRENT, DRESS, DREST, DRIBS, DRIFT, DRILL, DRINK, DRIPS, DRIPT, DROLL, DROPS, DROPT, DROSS, DROWN, DROWS, DRUBS, DRUGS, DRUMS, DRUNK, DWALM, DWAMS, DWANG, DWARF, DWELL, DWELT, FJELD, FJORD, FLABS, FLACK, FLAFF, FLAGS, FLAKS, FLAMM, FLAMS, FLANK, FLANS, FLAPS, FLASH, FLASK, FLATS, FLAWN, FLAWS, FLECK, FLEGS, FLESH, FLEWS, FLICK, FLICS, FLIMP, FLING, FLINT, FLIPS, FLIRS, FLIRT, FLISK, FLITS, FLITT, FLOCK, FLOCS, FLOGS, FLONG, FLOPS, FLORS, FLOSH, FLOSS, FLOWN, FLOWS, FLUBS, FLUFF, FLUMP, FLUNG, FLUNK, FLURR, FLUSH, FRABS, FRACK, FRACT, FRAGS, FRANC, FRANK, FRAPS, FRASS, FRATS, FREMD, FRESH, FRESS, FRETS, FRIGS, FRILL, FRISK, FRIST, FRITH, FRITS, FRITT, FRITZ, FRIZZ, FROCK, FROGS, FROND, FRONS, FRONT, FRORN, FROSH, FROST, FROTH, FROWN, FROWS, FRUGS, FRUMP, FRUSH, FRUST, GHAST, GHATS, GHEST, GHOST, GHYLL, GLADS, GLAMS, GLAND, GLANS, GLASS, GLEDS, GLENS, GLENT, GLIBS, GLIFF, GLIFT, GLIMS, GLINT, GLISK, GLITS, GLITZ, GLOBS, GLOGG, GLOMS, GLOPS, GLOSS, GLOST, GLOWS, GLUGS, GLUMS, GLUTS, GLYPH, GNARL, GNARR, GNARS, GNASH, GNATS, GNAWN, GNAWS, GRABS, GRADS, GRAFF, GRAFT, GRAMP, GRAMS, GRAND, GRANS, GRANT, GRAPH, GRASP, GRASS, GRAVS, GRENS, GREWS, GRIDS, GRIFF, GRIFT, GRIGS, GRILL, GRIND, GRINS, GRIPS, GRIPT, GRIST, GRITH, GRITS, GROGS, GROKS, GROSS, GROSZ, GROTS, GROWL, GROWN, GROWS, GRUBS, GRUFF, GRUMP, GRUNT, GRYPT, HWYLS, KBARS, KHAFS, KHANS, KHAPH, KHATS, KHETH, KHETS, KHORS, KHUDS, KLANG, KLICK, KLONG, KLUTZ, KNACK, KNAGS, KNAPS, KNARL, KNARS, KNELL, KNELT, KNISH, KNITS, KNOBS, KNOCK, KNOLL, KNOPS, KNOSP, KNOTS, KNOWN, KNOWS, KNUBS, KNURL, KNURR, KNURS, KNUTS, KRABS, KRAFT, KRAMS, KRANG, KRANS, KRANZ, KRENG, KRILL, KSARS, KVASS, KVELL, MHORR, PHANG, PHOHS, PHONS, PHOTS, PHUTS, PLACK, PLANK, PLANS, PLANT, PLAPS, PLASH, PLASM, PLAST, PLATS, PLEBS, PLESH, PLEWS, PLIMS, PLING, PLINK, PLODS, PLONG, PLONK, PLOPS, PLOTS, PLOTZ, PLOWS, PLUCK, PLUFF, PLUGS, PLUMB, PLUMP, PLUMS, PLUNK, PLUSH, PRADS, PRAMS, PRANG, PRANK, PRATS, PRATT, PRAWN, PRENT, PREPS, PRESS, PREST, PRICK, PRIGS, PRILL, PRIMP, PRIMS, PRINK, PRINT, PRISM, PRISS, PROBS, PRODS, PROFS, PROGS, PROLL, PROMS, PRONG, PRONK, PROPS, PROSS, PROST, PROWL, PROWS, PRUNT, PSALM, PSYCH, PZAZZ, RHOMB, RHUMB, SCABS, SCADS, SCAFF, SCAGS, SCALD, SCALL, SCALP, SCAMP, SCAMS, SCAND, SCANS, SCANT, SCARF, SCARP, SCARS, SCART, SCATH, SCATS, SCATT, SCAWS, SCEND, SCENT, SCOFF, SCOGS, SCOLD, SCOPS, SCORN, SCOTS, SCOWL, SCOWP, SCOWS, SCUDS, SCUFF, SCUFT, SCUGS, SCULK, SCULL, SCULP, SCULS, SCUMS, SCUPS, SCURF, SCURS, SCUTS, SCUZZ, SHACK, SHADS, SHAFT, SHAGS, SHAHS, SHAKT, SHALL, SHALM, SHALT, SHAMS, SHAND, SHANK, SHANS, SHAPS, SHARD, SHARK, SHARN, SHARP, SHASH, SHAWL, SHAWM, SHAWN, SHAWS, SHEDS, SHELF, SHELL, SHEND, SHENT, SHERD, SHETS, SHEWN, SHEWS, SHIFT, SHILL, SHIMS, SHINS, SHIPS, SHIRK, SHIRR, SHIRS, SHIRT, SHIST, SHITS, SHIVS, SHOCK, SHOGS, SHOPS, SHORL, SHORN, SHORT, SHOTS, SHOTT, SHOWN, SHOWS, SHUCK, SHULN, SHULS, SHUNS, SHUNT, SHUSH, SHUTS, SKAGS, SKALD, SKANK, SKART, SKATS, SKATT, SKAWS, SKEGG, SKEGS, SKELF, SKELL, SKELM, SKELP, SKEPS, SKERS, SKEWS, SKIDS, SKIFF, SKILL, SKIMP, SKIMS, SKINK, SKINS, SKINT, SKIPS, SKIRL, SKIRR, SKIRT, SKITS, SKOFF, SKOSH, SKUGS, SKULK, SKULL, SKUNK, SKYRS, SLABS, SLACK, SLAGS, SLAMS, SLANG, SLANK, SLANT, SLAPS, SLASH, SLATS, SLAWS, SLEDS, SLEPT, SLEWS, SLICK, SLIMS, SLING, SLINK, SLIPS, SLIPT, SLISH, SLITS, SLOBS, SLOGS, SLOJD, SLOPS, SLOSH, SLOTH, SLOTS, SLOWS, SLUBB, SLUBS, SLUFF, SLUGS, SLUMP, SLUMS, SLUNG, SLUNK, SLURB, SLURP, SLURS, SLUSH, SLUTS, SMACK, SMALL, SMALM, SMALT, SMARM, SMART, SMASH, SMELL, SMELT, SMERK, SMEWS, SMIRK, SMIRR, SMIRS, SMITH, SMITS, SMOCK, SMOGS, SMOLT, SMOWT, SMUGS, SMURF, SMURS, SMUSH, SMUTS, SNABS, SNACK, SNAGS, SNAPS, SNARF, SNARK, SNARL, SNARS, SNASH, SNATH, SNAWS, SNEBS, SNECK, SNEDS, SNELL, SNIBS, SNICK, SNIFF, SNIFT, SNIGS, SNIPS, SNIRT, SNITS, SNOBS, SNODS, SNOGS, SNORT, SNOTS, SNOWK, SNOWS, SNUBS, SNUCK, SNUFF, SNUGS, SNUSH, SPAGS, SPALD, SPALL, SPALT, SPAMS, SPANG, SPANK, SPANS, SPARD, SPARK, SPARS, SPART, SPASM, SPATS, SPAWL, SPAWN, SPAWS, SPECK, SPECS, SPEKS, SPELD, SPELK, SPELL, SPELT, SPEND, SPENT, SPERM, SPETS, SPEWS, SPICK, SPICS, SPIFF, SPIKS, SPILL, SPILT, SPINK, SPINS, SPIRT, SPITS, SPITZ, SPIVS, SPORT, SPOSH, SPOTS, SPUDS, SPUNK, SPURN, SPURS, SPURT, STABS, STACK, STAFF, STAGS, STALK, STALL, STAMP, STAND, STANG, STANK, STAPH, STAPS, STARK, STARN, STARR, STARS, START, STASH, STATS, STAWS, STEDD, STEDS, STELL, STEMS, STEND, STENS, STENT, STEPS, STEPT, STERN, STETS, STEWS, STICH, STICK, STIFF, STILB, STILL, STILT, STING, STINK, STINT, STIRK, STIRP, STIRS, STOBS, STOCK, STOLN, STOMP, STOND, STONG, STONK, STONN, STOPS, STOPT, STORK, STORM, STOSS, STOTS, STOWN, STOWP, STOWS, STUBS, STUCK, STUDS, STUFF, STULL, STULM, STUMM, STUMP, STUMS, STUNG, STUNK, STUNS, STUNT, STURT, SWABS, SWACK, SWADS, SWAGS, SWAMP, SWANG, SWANK, SWANS, SWAPS, SWAPT, SWARD, SWARF, SWARM, SWART, SWASH, SWATH, SWATS, SWELL, SWELT, SWEPT, SWERF, SWIFT, SWIGS, SWILL, SWIMS, SWING, SWINK, SWIRL, SWISH, SWISS, SWITH, SWITS, SWIZZ, SWOBS, SWOLN, SWONK, SWOPS, SWOPT, SWORD, SWORN, SWOTS, SWUNG, THACK, THANK, THANS, THARM, THARS, THAWS, THEFT, THEGN, THELF, THENS, THERM, THEWS, THICK, THIGH, THIGS, THILK, THILL, THING, THINK, THINS, THIRD, THIRL, THOFT, THONG, THORN, THORP, THOWL, THUDS, THUGS, THUMB, THUMP, THUNK, THURL, TRACK, TRACT, TRADS, TRAMP, TRAMS, TRANK, TRANQ, TRANS, TRANT, TRAPS, TRAPT, TRASH, TRASS, TRATS, TRATT, TRAWL, TRECK, TREKS, TREND, TRESS, TREST, TRETS, TREWS, TRICK, TRIFF, TRIGS, TRILD, TRILL, TRIMS, TRINS, TRIPS, TRIST, TROCK, TRODS, TROGS, TROLL, TROMP, TRONC, TRONS, TROTH, TROTS, TROWS, TRUCK, TRUGS, TRULL, TRUMP, TRUNK, TRUSS, TRUST, TRUTH, TRYPS, TRYST, TSARS, TWALS, TWANG, TWANK, TWATS, TWERP, TWIGS, TWILL, TWILT, TWINK, TWINS, TWIRL, TWIRP, TWIST, TWITS, TWIXT, TZARS, VRILS, VROWS, WHACK, WHAMS, WHANG, WHAPS, WHARF, WHATS, WHEFT, WHELK, WHELM, WHELP, WHENS, WHETS, WHEWS, WHICH, WHIDS, WHIFF, WHIFT, WHIGS, WHILK, WHIMS, WHINS, WHIPS, WHIPT, WHIRL, WHIRR, WHIRS, WHISH, WHISK, WHISS, WHIST, WHITS, WHIZZ, WHOMP, WHOPS, WHORL, WHORT, WHUMP, WHUPS, WRACK, WRANG, WRAPS, WRAPT, WRAST, WRATH, WRAWL, WRECK, WRENS, WREST, WRICK, WRING, WRIST, WRITS, WRONG, WROTH, WRUNG
4. No Matching Words
